gene,ORF,ANCvsEVO,lines,source_96plate,source_96well,ambigous,ploidy_curated,comment,ancestors,genseq_VS_bela_ambi,missing,missingWT,ploidy_semifinal,Bela_ploidy,ploidy_of_ancestors,ploidy_of_genseq_VS_bela_ambi,ploidy_of_missing,ploidy_of_missingWT,ploidy_of_ploidy_semifinal,ploidy_of_Bela_ploidy,WGS
ADK1,YDR226W,ancestor,ADK1.YDR226W.ancestor,2C,H4,NA,hap,NA,hap,NA,NA,NA,NA,NA,1,NA,NA,NA,NA,NA,NA
ADK1,YDR226W,evolved.1,ADK1.YDR226W.evolved.1,2C,H4,NA,hap,NA,NA,NA,NA,NA,hapa,NA,NA,NA,NA,NA,1,NA,NA
ARC1,YGL105W,ancestor,ARC1.YGL105W.ancestor,5C,G5,NA,hap,NA,hap,NA,NA,NA,NA,NA,1,NA,NA,NA,NA,NA,NA
ARC1,YGL105W,evolved.1,ARC1.YGL105W.evolved.1,5C,G5,NA,hap,NA,NA,NA,NA,NA,hap,NA,NA,NA,NA,NA,1,NA,NA
ARP5,YNL059C,ancestor,ARP5.YNL059C.ancestor,6B,G12,NA,dip,NA,dip,NA,NA,NA,NA,NA,2,NA,NA,NA,NA,NA,NA
ARP5,YNL059C,evolved.1,ARP5.YNL059C.evolved.1,6B,G12,NA,hap,NA,NA,NA,NA,NA,hap,NA,NA,NA,NA,NA,1,NA,NA
HIS3,YOR202W,ancestor,HIS3.YOR202W.ancestor,Y75,tube,NA,hap,NA,hap,NA,NA,hap,NA,NA,1,NA,NA,1,NA,NA,NA
HIS3,YOR202W,evolved.1,HIS3.YOR202W.evolved.1,2A,D3,NA,hap,NA,NA,NA,NA,NA,hap,NA,NA,NA,NA,NA,1,NA,NA
HIS3,YOR202W,evolved.2,HIS3.YOR202W.evolved.2,2A,D5,NA,hap,NA,NA,NA,NA,NA,hap,NA,NA,NA,NA,NA,1,NA,NA
ATP1,YBL099W,ancestor,ATP1.YBL099W.ancestor,4C,C2,NA,hap,NA,hap,NA,NA,NA,NA,NA,1,NA,NA,NA,NA,NA,NA
ATP1,YBL099W,evolved.1,ATP1.YBL099W.evolved.1,4C,C2,NA,hap,NA,NA,NA,NA,NA,hap,NA,NA,NA,NA,NA,1,NA,NA
ATP1,YBL099W,evolved.2,ATP1.YBL099W.evolved.2,4C,H12,NA,hap,NA,NA,NA,NA,NA,hap,NA,NA,NA,NA,NA,1,NA,NA
ATP11,YNL315C,ancestor,ATP11.YNL315C.ancestor,6A,D7,NA,hap,NA,hap,NA,NA,NA,NA,NA,1,NA,NA,NA,NA,NA,NA
ATP11,YNL315C,evolved.1,ATP11.YNL315C.evolved.1,6A,D7,NA,dip,NA,NA,NA,NA,NA,dip,NA,NA,NA,NA,NA,2,NA,NA
ATP11,YNL315C,evolved.2,ATP11.YNL315C.evolved.2,6B,B6,NA,dip,NA,NA,NA,dip,NA,NA,NA,NA,NA,2,NA,NA,NA,NA
ATP15,YPL271W,ancestor,ATP15.YPL271W.ancestor,1B,B4,NA,dip,NA,dip,NA,NA,NA,NA,NA,2,NA,NA,NA,NA,NA,NA
ATP15,YPL271W,evolved.1,ATP15.YPL271W.evolved.1,1B,B4,NA,hap,NA,NA,NA,hap,NA,NA,NA,NA,NA,1,NA,NA,NA,NA
ATP15,YPL271W,evolved.2,ATP15.YPL271W.evolved.2,1B,G12,NA,hap,NA,NA,NA,hap,NA,NA,NA,NA,NA,1,NA,NA,NA,NA
BEM4,YPL161C,ancestor,BEM4.YPL161C.ancestor,1A,D8,NA,hap,NA,hap,NA,NA,NA,NA,NA,1,NA,NA,NA,NA,NA,NA
BEM4,YPL161C,evolved.1,BEM4.YPL161C.evolved.1,1A,D8,NA,hap,NA,NA,NA,NA,NA,hap,NA,NA,NA,NA,NA,1,NA,NA
BEM4,YPL161C,evolved.2,BEM4.YPL161C.evolved.2,1B,B8,NA,hap,NA,NA,NA,NA,NA,hap,NA,NA,NA,NA,NA,1,NA,NA
BUR2,YLR226W,ancestor,BUR2.YLR226W.ancestor,6A,B11,NA,hap,NA,hap,NA,NA,NA,NA,NA,1,NA,NA,NA,NA,NA,NA
BUR2,YLR226W,evolved.1,BUR2.YLR226W.evolved.1,6A,B11,NA,dip,NA,NA,NA,NA,NA,dip,NA,NA,NA,NA,NA,2,NA,NA
BUR2,YLR226W,evolved.2,BUR2.YLR226W.evolved.2,6B,A2,NA,dip,NA,NA,NA,NA,NA,dip,NA,NA,NA,NA,NA,2,NA,NA
IBA57,YJR122W,ancestor,IBA57.YJR122W.ancestor,4C,F6,NA,hap,NA,hap,NA,NA,NA,NA,NA,1,NA,NA,NA,NA,NA,NA
IBA57,YJR122W,evolved.1,IBA57.YJR122W.evolved.1,4C,F6,NA,dip,NA,NA,NA,NA,NA,dip,NA,NA,NA,NA,NA,2,NA,NA
IBA57,YJR122W,evolved.2,IBA57.YJR122W.evolved.2,4B,B9,NA,hap,NA,NA,NA,hap,NA,NA,NA,NA,NA,1,NA,NA,NA,NA
CDC50,YCR094W,ancestor,CDC50.YCR094W.ancestor,3A,H8,NA,hap,NA,hap,NA,NA,NA,NA,NA,1,NA,NA,NA,NA,NA,NA
CDC50,YCR094W,evolved.1,CDC50.YCR094W.evolved.1,3A,H8,NA,hap,NA,NA,NA,NA,NA,hap,NA,NA,NA,NA,NA,1,NA,NA
CDC73,YLR418C,ancestor,CDC73.YLR418C.ancestor,2B,H9,NA,hap,NA,hap,NA,NA,NA,NA,NA,1,NA,NA,NA,NA,NA,NA
CDC73,YLR418C,evolved.1,CDC73.YLR418C.evolved.1,2B,H9,NA,dip,NA,NA,NA,NA,NA,dip,NA,NA,NA,NA,NA,2,NA,NA
CNM67,YNL225C,ancestor,CNM67.YNL225C.ancestor,6C,C3,NA,hap,NA,hap,NA,NA,NA,NA,NA,1,NA,NA,NA,NA,NA,NA
CNM67,YNL225C,evolved.1,CNM67.YNL225C.evolved.1,6C,C3,NA,dip,NA,NA,NA,NA,NA,dip,NA,NA,NA,NA,NA,2,NA,NA
COG1,YGL223C,ancestor,COG1.YGL223C.ancestor,5C,B3,NA,hap,NA,hap,NA,NA,NA,NA,NA,1,NA,NA,NA,NA,NA,NA
COG1,YGL223C,evolved.1,COG1.YGL223C.evolved.1,5C,B3,NA,hap,NA,NA,NA,hap,NA,NA,NA,NA,NA,1,NA,NA,NA,NA
COQ3,YOL096C,ancestor,COQ3.YOL096C.ancestor,3C,B6,NA,hap,NA,hapa,NA,NA,NA,NA,NA,1,NA,NA,NA,NA,NA,NA
COQ3,YOL096C,evolved.1,COQ3.YOL096C.evolved.1,3C,B6,NA,dip,NA,NA,NA,NA,NA,dip,NA,NA,NA,NA,NA,2,NA,NA
COQ4,YDR204W,ancestor,COQ4.YDR204W.ancestor,2C,H2,NA,hap,NA,hap,NA,NA,NA,NA,NA,1,NA,NA,NA,NA,NA,NA
COQ4,YDR204W,evolved.1,COQ4.YDR204W.evolved.1,2C,H2,NA,dip,NA,NA,NA,NA,NA,dip,NA,NA,NA,NA,NA,2,NA,NA
CTK3,YML112W,ancestor,CTK3.YML112W.ancestor,6A,G6,NA,tet,NA,tet,NA,NA,NA,NA,NA,4,NA,NA,NA,NA,NA,NA
CTK3,YML112W,evolved.1,CTK3.YML112W.evolved.1,6A,G6,NA,dip,NA,NA,NA,dip,NA,NA,NA,NA,NA,2,NA,NA,NA,NA
CTK3,YML112W,evolved.2,CTK3.YML112W.evolved.2,6B,E6,NA,dip,NA,NA,NA,dip,NA,NA,NA,NA,NA,2,NA,NA,NA,NA
DBF2,YGR092W,ancestor,DBF2.YGR092W.ancestor,5A,H6,NA,hap,NA,hap,NA,NA,NA,NA,NA,1,NA,NA,NA,NA,NA,NA
DBF2,YGR092W,evolved.1,DBF2.YGR092W.evolved.1,5A,H6,NA,hap,NA,NA,NA,NA,NA,hapa,NA,NA,NA,NA,NA,1,NA,NA
DBF2,YGR092W,evolved.2,DBF2.YGR092W.evolved.2,5B,F5,NA,hap,NA,NA,NA,NA,NA,hap,NA,NA,NA,NA,NA,1,NA,NA
EXO5,YBR163W,ancestor,EXO5.YBR163W.ancestor,5C,F3,NA,hap,NA,hap,NA,NA,NA,NA,NA,1,NA,NA,NA,NA,NA,NA
EXO5,YBR163W,evolved.1,EXO5.YBR163W.evolved.1,5C,F3,NA,hap,NA,NA,NA,NA,NA,hap,NA,NA,NA,NA,NA,1,NA,NA
EXO5,YBR163W,evolved.2,EXO5.YBR163W.evolved.2,5A,D7,NA,hap,NA,NA,NA,hap,NA,NA,NA,NA,NA,1,NA,NA,NA,NA
DHH1,YDL160C,ancestor,DHH1.YDL160C.ancestor,6A,H2,NA,dip,NA,dip,NA,NA,NA,NA,NA,2,NA,NA,NA,NA,NA,NA
DHH1,YDL160C,evolved.1,DHH1.YDL160C.evolved.1,6A,H2,NA,dip,NA,NA,NA,dip,NA,NA,NA,NA,NA,2,NA,NA,NA,NA
DHH1,YDL160C,evolved.2,DHH1.YDL160C.evolved.2,6B,F1,NA,dip,NA,NA,NA,dip,NA,NA,NA,NA,NA,2,NA,NA,NA,NA
DOC1,YGL240W,ancestor,DOC1.YGL240W.ancestor,5C,B6,NA,hap,NA,hap,NA,NA,NA,NA,NA,1,NA,NA,NA,NA,NA,NA
DOC1,YGL240W,evolved.1,DOC1.YGL240W.evolved.1,5C,B6,NA,hap,NA,NA,NA,NA,NA,hap,NA,NA,NA,NA,NA,1,NA,NA
DOC1,YGL240W,evolved.2,DOC1.YGL240W.evolved.2,5B,D7,1,hap/dip,NA,NA,NA,hapa/dip,NA,NA,NA,NA,NA,1.5,NA,NA,NA,NA
EAP1,YKL204W,ancestor,EAP1.YKL204W.ancestor,5A,H11,NA,hap,NA,hap,NA,NA,NA,NA,NA,1,NA,NA,NA,NA,NA,NA
EAP1,YKL204W,evolved.1,EAP1.YKL204W.evolved.1,5A,H11,NA,dip,NA,NA,NA,NA,NA,dip,NA,NA,NA,NA,NA,2,NA,NA
ELP3,YPL086C,ancestor,ELP3.YPL086C.ancestor,3C,C4,NA,hap,NA,hap,NA,NA,NA,NA,NA,1,NA,NA,NA,NA,NA,NA
ELP3,YPL086C,evolved.1,ELP3.YPL086C.evolved.1,3C,C4,NA,hap,NA,NA,NA,NA,NA,hap,NA,NA,NA,NA,NA,1,NA,NA
ESC2,YDR363W,ancestor,ESC2.YDR363W.ancestor,1A,E10,NA,hap,NA,hap,NA,NA,NA,NA,NA,1,NA,NA,NA,NA,NA,NA
ESC2,YDR363W,evolved.1,ESC2.YDR363W.evolved.1,1A,E10,NA,hap,NA,NA,NA,NA,NA,hapa,NA,NA,NA,NA,NA,1,NA,NA
ESC2,YDR363W,evolved.2,ESC2.YDR363W.evolved.2,1C,A8,NA,hap,NA,NA,NA,NA,NA,hap,NA,NA,NA,NA,NA,1,NA,NA
ETR1,YBR026C,ancestor,ETR1.YBR026C.ancestor,5C,C3,NA,hap,NA,hap,NA,NA,NA,NA,NA,1,NA,NA,NA,NA,NA,NA
ETR1,YBR026C,evolved.1,ETR1.YBR026C.evolved.1,5C,C3,NA,hap,NA,NA,NA,NA,NA,hapa,NA,NA,NA,NA,NA,1,NA,NA
ETR1,YBR026C,evolved.2,ETR1.YBR026C.evolved.2,5A,G4,NA,hap,NA,NA,NA,hap,NA,NA,NA,NA,NA,1,NA,NA,NA,NA
FEN2,YCR028C,ancestor,FEN2.YCR028C.ancestor,4A,E9,NA,hap,NA,hap,NA,NA,NA,NA,NA,1,NA,NA,NA,NA,NA,NA
FEN2,YCR028C,evolved.1,FEN2.YCR028C.evolved.1,4A,E9,NA,hap,NA,NA,NA,hap,NA,NA,NA,NA,NA,1,NA,NA,NA,NA
FEN2,YCR028C,evolved.2,FEN2.YCR028C.evolved.2,4C,A7,NA,hap,NA,NA,NA,hap,NA,NA,NA,NA,NA,1,NA,NA,NA,NA
FYV12,YOR183W,ancestor,FYV12.YOR183W.ancestor,2B,A7,NA,hap,NA,hap,NA,NA,NA,NA,NA,1,NA,NA,NA,NA,NA,NA
FYV12,YOR183W,evolved.1,FYV12.YOR183W.evolved.1,2B,A7,NA,dip,NA,NA,NA,NA,NA,dip,NA,NA,NA,NA,NA,2,NA,NA
FYV12,YOR183W,evolved.2,FYV12.YOR183W.evolved.2,2C,E5,NA,hap,NA,NA,NA,NA,NA,hapa,NA,NA,NA,NA,NA,1,NA,NA
FYV4,YHR059W,ancestor,FYV4.YHR059W.ancestor,4B,G5,NA,hap,NA,hap,NA,NA,NA,NA,NA,1,NA,NA,NA,NA,NA,NA
FYV4,YHR059W,evolved.1,FYV4.YHR059W.evolved.1,4B,G5,NA,hap,NA,NA,NA,NA,NA,hap,NA,NA,NA,NA,NA,1,NA,NA
FYV4,YHR059W,evolved.2,FYV4.YHR059W.evolved.2,4B,A7,NA,hap,NA,NA,NA,NA,NA,hap,NA,NA,NA,NA,NA,1,NA,NA
FZO1,YBR179C,ancestor,FZO1.YBR179C.ancestor,1B,B12,NA,hap,NA,hap,NA,NA,NA,NA,NA,1,NA,NA,NA,NA,NA,NA
FZO1,YBR179C,evolved.1,FZO1.YBR179C.evolved.1,1B,B12,NA,hap,NA,NA,NA,hap,NA,NA,NA,NA,NA,1,NA,NA,NA,NA
GCN5,YGR252W,ancestor,GCN5.YGR252W.ancestor,6A,C11,NA,hap,NA,hap,NA,NA,NA,NA,NA,1,NA,NA,NA,NA,NA,NA
GCN5,YGR252W,evolved.1,GCN5.YGR252W.evolved.1,6A,C11,NA,dip,NA,NA,NA,NA,NA,dip,NA,NA,NA,NA,NA,2,NA,NA
GCN5,YGR252W,evolved.2,GCN5.YGR252W.evolved.2,6B,B2,NA,dip,NA,NA,NA,NA,NA,dip,NA,NA,NA,NA,NA,2,NA,NA
GGC1,YDL198C,ancestor,GGC1.YDL198C.ancestor,4B,H11,NA,hap,NA,hap,NA,NA,NA,NA,NA,1,NA,NA,NA,NA,NA,NA
GGC1,YDL198C,evolved.1,GGC1.YDL198C.evolved.1,4B,H11,NA,dip,NA,NA,NA,NA,NA,dip,NA,NA,NA,NA,NA,2,NA,NA
GGC1,YDL198C,evolved.2,GGC1.YDL198C.evolved.2,4C,F10,NA,hap,NA,NA,NA,NA,NA,hap,NA,NA,NA,NA,NA,1,NA,NA
GRR1,YJR090C,ancestor,GRR1.YJR090C.ancestor,6A,A6,NA,hap,NA,hap,NA,NA,NA,NA,NA,1,NA,NA,NA,NA,NA,NA
GRR1,YJR090C,evolved.1,GRR1.YJR090C.evolved.1,6A,A6,NA,dip,NA,NA,NA,NA,NA,dipa,NA,NA,NA,NA,NA,2,NA,NA
HEM14,YER014W,ancestor,HEM14.YER014W.ancestor,6A,F12,NA,hap,NA,hap,NA,NA,NA,NA,NA,1,NA,NA,NA,NA,NA,NA
HEM14,YER014W,evolved.1,HEM14.YER014W.evolved.1,6A,F12,NA,dip,NA,NA,NA,NA,NA,dip,NA,NA,NA,NA,NA,2,NA,NA
HTD2,YHR067W,ancestor,HTD2.YHR067W.ancestor,4A,C6,NA,hap,NA,hap,NA,NA,NA,NA,NA,1,NA,NA,NA,NA,NA,NA
HTD2,YHR067W,evolved.1,HTD2.YHR067W.evolved.1,4A,C6,NA,dip,NA,NA,NA,NA,NA,dip,NA,NA,NA,NA,NA,2,NA,NA
HTD2,YHR067W,evolved.2,HTD2.YHR067W.evolved.2,4C,E6,NA,hap,NA,NA,NA,NA,NA,hapa,NA,NA,NA,NA,NA,1,NA,NA
IES2,YNL215W,ancestor,IES2.YNL215W.ancestor,3B,H3,NA,hap,NA,hap,NA,NA,NA,NA,NA,1,NA,NA,NA,NA,NA,NA
IES2,YNL215W,evolved.1,IES2.YNL215W.evolved.1,3B,H3,NA,dip,NA,NA,NA,NA,NA,dip,NA,NA,NA,NA,NA,2,NA,NA
IES2,YNL215W,evolved.2,IES2.YNL215W.evolved.2,3B,B5,NA,dip,NA,NA,NA,NA,NA,dip,NA,NA,NA,NA,NA,2,NA,NA
ILM1,YJR118C,ancestor,ILM1.YJR118C.ancestor,4B,H6,NA,hap,NA,hap,NA,NA,NA,NA,NA,1,NA,NA,NA,NA,NA,NA
ILM1,YJR118C,evolved.1,ILM1.YJR118C.evolved.1,4B,H6,NA,hap,NA,NA,NA,NA,NA,hap,NA,NA,NA,NA,NA,1,NA,NA
ILM1,YJR118C,evolved.2,ILM1.YJR118C.evolved.2,4C,F5,NA,hap,NA,NA,NA,NA,NA,hap,NA,NA,NA,NA,NA,1,NA,NA
IMG2,YCR071C,ancestor,IMG2.YCR071C.ancestor,4C,A10,NA,hap,NA,hap,NA,NA,NA,NA,NA,1,NA,NA,NA,NA,NA,NA
IMG2,YCR071C,evolved.1,IMG2.YCR071C.evolved.1,4C,A10,NA,hap,NA,NA,NA,hap,NA,NA,NA,NA,NA,1,NA,NA,NA,NA
IWR1,YDL115C,ancestor,IWR1.YDL115C.ancestor,5B,G10,NA,hap,NA,hap,NA,NA,NA,NA,NA,1,NA,NA,NA,NA,NA,NA
IWR1,YDL115C,evolved.1,IWR1.YDL115C.evolved.1,5B,G10,NA,hap,NA,NA,NA,NA,NA,hapa,NA,NA,NA,NA,NA,1,NA,NA
IWR1,YDL115C,evolved.2,IWR1.YDL115C.evolved.2,5B,B1,NA,hap,NA,NA,NA,NA,NA,hapa,NA,NA,NA,NA,NA,1,NA,NA
KCS1,YDR017C,ancestor,KCS1.YDR017C.ancestor,4C,F11,NA,hap,NA,hap,NA,NA,NA,NA,NA,1,NA,NA,NA,NA,NA,NA
KCS1,YDR017C,evolved.1,KCS1.YDR017C.evolved.1,4C,F11,NA,dip,NA,NA,NA,NA,NA,dip,NA,NA,NA,NA,NA,2,NA,NA
KCS1,YDR017C,evolved.2,KCS1.YDR017C.evolved.2,4B,C3,NA,hap,NA,NA,NA,hap,NA,NA,NA,NA,NA,1,NA,NA,NA,NA
LIP2,YLR239C,ancestor,LIP2.YLR239C.ancestor,2B,H11,NA,hap,NA,hap,NA,NA,NA,NA,NA,1,NA,NA,NA,NA,NA,NA
LIP2,YLR239C,evolved.1,LIP2.YLR239C.evolved.1,2B,H11,NA,hap,NA,NA,NA,NA,NA,hap,NA,NA,NA,NA,NA,1,NA,NA
LIP2,YLR239C,evolved.2,LIP2.YLR239C.evolved.2,2C,F10,NA,hap,NA,NA,NA,NA,NA,hap,NA,NA,NA,NA,NA,1,NA,NA
LOC1,YFR001W,ancestor,LOC1.YFR001W.ancestor,3A,E11,NA,hap,NA,hap,NA,NA,NA,NA,NA,1,NA,NA,NA,NA,NA,NA
LOC1,YFR001W,evolved.1,LOC1.YFR001W.evolved.1,3A,E11,NA,hap,NA,NA,NA,NA,NA,hap,NA,NA,NA,NA,NA,1,NA,NA
LOC1,YFR001W,evolved.2,LOC1.YFR001W.evolved.2,3C,A9,NA,hap,NA,NA,NA,hap,NA,NA,NA,NA,NA,1,NA,NA,NA,NA
MDM20,YOL076W,ancestor,MDM20.YOL076W.ancestor,1B,B3,NA,hap,NA,hap,NA,NA,NA,NA,NA,1,NA,NA,NA,NA,NA,NA
MDM20,YOL076W,evolved.1,MDM20.YOL076W.evolved.1,1B,B3,NA,hap,NA,NA,NA,hap,NA,NA,NA,NA,NA,1,NA,NA,NA,NA
MDM20,YOL076W,evolved.2,MDM20.YOL076W.evolved.2,1B,G11,NA,dip,NA,NA,NA,dip,NA,NA,NA,NA,NA,2,NA,NA,NA,NA
GET1,YGL020C,ancestor,GET1.YGL020C.ancestor,5C,H10,NA,hap,NA,hap,NA,NA,NA,NA,NA,1,NA,NA,NA,NA,NA,NA
GET1,YGL020C,evolved.1,GET1.YGL020C.evolved.1,5C,H10,NA,dip,NA,NA,NA,NA,NA,dip,NA,NA,NA,NA,NA,2,NA,NA
GET1,YGL020C,evolved.2,GET1.YGL020C.evolved.2,5A,G1,NA,dip,NA,NA,NA,NA,NA,dip,NA,NA,NA,NA,NA,2,NA,NA
MED1,YPR070W,ancestor,MED1.YPR070W.ancestor,4A,B1,NA,hap,NA,hap,NA,NA,NA,hap,NA,1,NA,NA,NA,1,NA,NA
MED1,YPR070W,evolved.1,MED1.YPR070W.evolved.1,4A,B1,NA,dip,NA,NA,NA,NA,NA,dip,NA,NA,NA,NA,NA,2,NA,NA
MED1,YPR070W,evolved.2,MED1.YPR070W.evolved.2,4B,F2,NA,dip,NA,NA,NA,NA,NA,dip,NA,NA,NA,NA,NA,2,NA,NA
MET7,YOR241W,ancestor,MET7.YOR241W.ancestor,2B,A9,NA,hap,NA,hap,NA,NA,NA,NA,NA,1,NA,NA,NA,NA,NA,NA
MET7,YOR241W,evolved.1,MET7.YOR241W.evolved.1,2B,A9,NA,hap,NA,NA,NA,NA,NA,hap,NA,NA,NA,NA,NA,1,NA,NA
MGM101,YJR144W,ancestor,MGM101.YJR144W.ancestor,4B,B10,NA,hap,NA,hap,NA,NA,NA,NA,NA,1,NA,NA,NA,NA,NA,NA
MGM101,YJR144W,evolved.1,MGM101.YJR144W.evolved.1,4B,B10,NA,hap,NA,NA,NA,NA,NA,hap,NA,NA,NA,NA,NA,1,NA,NA
MMS22,YLR320W,ancestor,MMS22.YLR320W.ancestor,2C,A5,NA,hap,NA,hap,NA,NA,NA,NA,NA,1,NA,NA,NA,NA,NA,NA
MMS22,YLR320W,evolved.1,MMS22.YLR320W.evolved.1,2C,A5,NA,hap,NA,NA,NA,hapa,NA,NA,NA,NA,NA,1,NA,NA,NA,NA
MMS22,YLR320W,evolved.2,MMS22.YLR320W.evolved.2,2A,E7,NA,hap,NA,NA,NA,hapa,NA,NA,NA,NA,NA,1,NA,NA,NA,NA
MRE11,YMR224C,ancestor,MRE11.YMR224C.ancestor,1A,H5,NA,hap,NA,hap,NA,NA,NA,NA,NA,1,NA,NA,NA,NA,NA,NA
MRE11,YMR224C,evolved.1,MRE11.YMR224C.evolved.1,1A,H5,NA,hap,NA,NA,NA,hapa,NA,NA,NA,NA,NA,1,NA,NA,NA,NA
MRE11,YMR224C,evolved.2,MRE11.YMR224C.evolved.2,1A,B4,NA,hap,NA,NA,NA,hap,NA,NA,NA,NA,NA,1,NA,NA,NA,NA
MRP7,YNL005C,ancestor,MRP7.YNL005C.ancestor,4B,D11,NA,hap,NA,hap,NA,NA,NA,NA,NA,1,NA,NA,NA,NA,NA,NA
MRP7,YNL005C,evolved.1,MRP7.YNL005C.evolved.1,4B,D11,NA,dip,NA,NA,NA,NA,NA,dip,NA,NA,NA,NA,NA,2,NA,NA
MRP7,YNL005C,evolved.2,MRP7.YNL005C.evolved.2,4C,B10,NA,dip,NA,NA,NA,NA,NA,dip,NA,NA,NA,NA,NA,2,NA,NA
MRPL10,YNL284C,ancestor,MRPL10.YNL284C.ancestor,6B,B5,NA,hap,NA,hap,NA,NA,NA,NA,NA,1,NA,NA,NA,NA,NA,NA
MRPL10,YNL284C,evolved.1,MRPL10.YNL284C.evolved.1,6B,B5,NA,hap,NA,NA,NA,hap,NA,NA,NA,NA,NA,1,NA,NA,NA,NA
MRPL10,YNL284C,evolved.2,MRPL10.YNL284C.evolved.2,6A,D6,NA,hap,NA,NA,NA,hap,NA,NA,NA,NA,NA,1,NA,NA,NA,NA
MRPL27,YBR282W,ancestor,MRPL27.YBR282W.ancestor,4C,G2,NA,hap,NA,hap,NA,NA,NA,NA,NA,1,NA,NA,NA,NA,NA,NA
MRPL27,YBR282W,evolved.1,MRPL27.YBR282W.evolved.1,4C,G2,NA,hap,NA,NA,NA,NA,NA,hap,NA,NA,NA,NA,NA,1,NA,NA
MRPL27,YBR282W,evolved.2,MRPL27.YBR282W.evolved.2,4C,A4,NA,hap,NA,NA,NA,hap,NA,NA,NA,NA,NA,1,NA,NA,NA,NA
MRPL51,YPR100W,ancestor,MRPL51.YPR100W.ancestor,4C,D3,NA,hap,NA,hap,NA,NA,NA,hap,NA,1,NA,NA,NA,1,NA,NA
MRPL51,YPR100W,evolved.1,MRPL51.YPR100W.evolved.1,4C,D3,1,hap/dip,NA,NA,NA,NA,NA,hap/dip,NA,NA,NA,NA,NA,1.5,NA,NA
MRPL6,YHR147C,ancestor,MRPL6.YHR147C.ancestor,2A,A8,NA,hap,NA,hap,NA,NA,NA,NA,NA,1,NA,NA,NA,NA,NA,NA
MRPL6,YHR147C,evolved.1,MRPL6.YHR147C.evolved.1,2A,A8,1,hap/dip,NA,NA,NA,NA,NA,hap/dip,NA,NA,NA,NA,NA,1.5,NA,NA
MRPL7,YDR237W,ancestor,MRPL7.YDR237W.ancestor,2B,D8,NA,hap,NA,hap,NA,NA,NA,NA,NA,1,NA,NA,NA,NA,NA,NA
MRPL7,YDR237W,evolved.1,MRPL7.YDR237W.evolved.1,2B,D8,NA,hap,NA,NA,NA,hap,NA,NA,NA,NA,NA,1,NA,NA,NA,NA
MSS18,YPR134W,ancestor,MSS18.YPR134W.ancestor,3B,F2,NA,hap,NA,hap,NA,NA,NA,NA,NA,1,NA,NA,NA,NA,NA,NA
MSS18,YPR134W,evolved.1,MSS18.YPR134W.evolved.1,3B,F2,NA,hap,NA,NA,NA,NA,NA,hap,NA,NA,NA,NA,NA,1,NA,NA
MSS18,YPR134W,evolved.2,MSS18.YPR134W.evolved.2,3A,H3,NA,hap,NA,NA,NA,NA,NA,hap,NA,NA,NA,NA,NA,1,NA,NA
NEM1,YHR004C,ancestor,NEM1.YHR004C.ancestor,4A,C2,NA,hap,NA,hap,NA,NA,NA,NA,NA,1,NA,NA,NA,NA,NA,NA
NEM1,YHR004C,evolved.1,NEM1.YHR004C.evolved.1,4A,C2,NA,hap,NA,NA,NA,NA,NA,hap,NA,NA,NA,NA,NA,1,NA,NA
NEM1,YHR004C,evolved.2,NEM1.YHR004C.evolved.2,4B,G2,NA,hap,NA,NA,NA,NA,NA,hap,NA,NA,NA,NA,NA,1,NA,NA
NPL3,YDR432W,ancestor,NPL3.YDR432W.ancestor,1C,B7,NA,hap,NA,hap,NA,NA,NA,NA,NA,1,NA,NA,NA,NA,NA,NA
NPL3,YDR432W,evolved.1,NPL3.YDR432W.evolved.1,1C,B7,NA,hap,NA,NA,NA,NA,NA,hapa,NA,NA,NA,NA,NA,1,NA,NA
NPL3,YDR432W,evolved.2,NPL3.YDR432W.evolved.2,1B,D7,NA,hap,NA,NA,NA,hap,NA,NA,NA,NA,NA,1,NA,NA,NA,NA
NUP120,YKL057C,ancestor,NUP120.YKL057C.ancestor,2C,D6,NA,hap,NA,hap,NA,NA,NA,NA,NA,1,NA,NA,NA,NA,NA,NA
NUP120,YKL057C,evolved.1,NUP120.YKL057C.evolved.1,2C,D6,NA,hap,NA,NA,NA,hap,NA,NA,NA,NA,NA,1,NA,NA,NA,NA
NUP120,YKL057C,evolved.2,NUP120.YKL057C.evolved.2,2A,H7,NA,dip,NA,NA,NA,dip,NA,NA,NA,NA,NA,2,NA,NA,NA,NA
PCP1,YGR101W,ancestor,PCP1.YGR101W.ancestor,2A,B11,NA,hap,NA,hap,NA,NA,NA,NA,NA,1,NA,NA,NA,NA,NA,NA
PCP1,YGR101W,evolved.1,PCP1.YGR101W.evolved.1,2A,B11,NA,dip,NA,NA,NA,NA,NA,dip,NA,NA,NA,NA,NA,2,NA,NA
PDB1,YBR221C,ancestor,PDB1.YBR221C.ancestor,1C,F11,NA,hap,NA,hap,NA,NA,NA,NA,NA,1,NA,NA,NA,NA,NA,NA
PDB1,YBR221C,evolved.1,PDB1.YBR221C.evolved.1,1C,F11,NA,hap,NA,NA,NA,NA,NA,hap,NA,NA,NA,NA,NA,1,NA,NA
PDB1,YBR221C,evolved.2,PDB1.YBR221C.evolved.2,1B,C3,NA,hap,NA,NA,NA,NA,NA,hap,NA,NA,NA,NA,NA,1,NA,NA
PHO88,YBR106W,ancestor,PHO88.YBR106W.ancestor,5B,H2,NA,dip,NA,dip,NA,NA,NA,NA,NA,2,NA,NA,NA,NA,NA,NA
PHO88,YBR106W,evolved.1,PHO88.YBR106W.evolved.1,5B,H2,NA,dip,NA,NA,NA,NA,NA,dip,NA,NA,NA,NA,NA,2,NA,NA
PHO88,YBR106W,evolved.2,PHO88.YBR106W.evolved.2,5C,F1,NA,dip,NA,NA,NA,NA,NA,dip,NA,NA,NA,NA,NA,2,NA,NA
PIH1,YHR034C,ancestor,PIH1.YHR034C.ancestor,2B,E8,NA,hap,NA,hap,NA,NA,NA,NA,NA,1,NA,NA,NA,NA,NA,NA
PIH1,YHR034C,evolved.1,PIH1.YHR034C.evolved.1,2B,E8,NA,hap,NA,NA,NA,NA,NA,hap,NA,NA,NA,NA,NA,1,NA,NA
PIH1,YHR034C,evolved.2,PIH1.YHR034C.evolved.2,2C,C8,NA,hap,NA,NA,NA,NA,NA,hap,NA,NA,NA,NA,NA,1,NA,NA
PRS3,YHL011C,ancestor,PRS3.YHL011C.ancestor,4C,E1,NA,hap,NA,hap,NA,NA,NA,NA,NA,1,NA,NA,NA,NA,NA,NA
PRS3,YHL011C,evolved.1,PRS3.YHL011C.evolved.1,4C,E1,NA,hap,NA,NA,NA,hap,NA,NA,NA,NA,NA,1,NA,NA,NA,NA
PTC1,YDL006W,ancestor,PTC1.YDL006W.ancestor,5B,B8,NA,hap,NA,hap,NA,NA,NA,NA,NA,1,NA,NA,NA,NA,NA,NA
PTC1,YDL006W,evolved.1,PTC1.YDL006W.evolved.1,5B,B8,NA,dip,NA,NA,NA,NA,NA,dip,NA,NA,NA,NA,NA,2,NA,NA
PTC1,YDL006W,evolved.2,PTC1.YDL006W.evolved.2,5B,H6,NA,dip,NA,NA,NA,NA,NA,dip,NA,NA,NA,NA,NA,2,NA,NA
RAD52,YML032C,ancestor,RAD52.YML032C.ancestor,1A,A10,NA,hap,NA,hap,NA,NA,NA,NA,NA,1,NA,NA,NA,NA,NA,NA
RAD52,YML032C,evolved.1,RAD52.YML032C.evolved.1,1A,A10,NA,hap,NA,NA,NA,hap,NA,NA,NA,NA,NA,1,NA,NA,NA,NA
RAD52,YML032C,evolved.2,RAD52.YML032C.evolved.2,1B,E12,NA,hap,NA,NA,NA,hap,NA,NA,NA,NA,NA,1,NA,NA,NA,NA
RAD54,YGL163C,ancestor,RAD54.YGL163C.ancestor,5C,A9,NA,hap,NA,hap,NA,NA,NA,NA,NA,1,NA,NA,NA,NA,NA,NA
RAD54,YGL163C,evolved.1,RAD54.YGL163C.evolved.1,5C,A9,NA,hap,NA,NA,NA,NA,NA,hapa,NA,NA,NA,NA,NA,1,NA,NA
RMI1,YPL024W,ancestor,RMI1.YPL024W.ancestor,5B,D10,NA,hap,NA,hap,NA,NA,NA,NA,NA,1,NA,NA,NA,NA,NA,NA
RMI1,YPL024W,evolved.1,RMI1.YPL024W.evolved.1,5B,D10,NA,hap,NA,NA,NA,NA,NA,hap,NA,NA,NA,NA,NA,1,NA,NA
RPL13A,YDL082W,ancestor,RPL13A.YDL082W.ancestor,5A,E2,NA,hap,NA,hap,NA,NA,NA,NA,NA,1,NA,NA,NA,NA,NA,NA
RPL13A,YDL082W,evolved.1,RPL13A.YDL082W.evolved.1,5A,E2,NA,hap,NA,NA,NA,NA,NA,hap,NA,NA,NA,NA,NA,1,NA,NA
RPL13A,YDL082W,evolved.2,RPL13A.YDL082W.evolved.2,5B,C1,NA,dip,NA,NA,NA,NA,NA,dip,NA,NA,NA,NA,NA,2,NA,NA
RPL16B,YNL069C,ancestor,RPL16B.YNL069C.ancestor,6B,B4,NA,hap,NA,hap,NA,NA,NA,NA,NA,1,NA,NA,NA,NA,NA,NA
RPL16B,YNL069C,evolved.1,RPL16B.YNL069C.evolved.1,6B,B4,NA,hap,NA,NA,NA,NA,NA,hap,NA,NA,NA,NA,NA,1,NA,NA
RPL7A,YGL076C,ancestor,RPL7A.YGL076C.ancestor,3B,A11,NA,hap,NA,hap,NA,NA,NA,NA,NA,1,NA,NA,NA,NA,NA,NA
RPL7A,YGL076C,evolved.1,RPL7A.YGL076C.evolved.1,3B,A11,NA,hap,NA,NA,NA,NA,NA,hap,NA,NA,NA,NA,NA,1,NA,NA
RPL7A,YGL076C,evolved.2,RPL7A.YGL076C.evolved.2,3C,E9,NA,hap,NA,NA,NA,NA,NA,hap,NA,NA,NA,NA,NA,1,NA,NA
RPP1B,YDL130W,ancestor,RPP1B.YDL130W.ancestor,4C,B8,NA,hap,NA,hap,NA,NA,NA,NA,NA,1,NA,NA,NA,NA,NA,NA
RPP1B,YDL130W,evolved.1,RPP1B.YDL130W.evolved.1,4C,B8,NA,hap,NA,NA,NA,NA,NA,hap,NA,NA,NA,NA,NA,1,NA,NA
RPP1B,YDL130W,evolved.2,RPP1B.YDL130W.evolved.2,4B,D9,NA,hap,NA,NA,NA,NA,NA,hap,NA,NA,NA,NA,NA,1,NA,NA
RPP2B,YDR382W,ancestor,RPP2B.YDR382W.ancestor,1B,D2,NA,hap,NA,hap,NA,NA,NA,NA,NA,1,NA,NA,NA,NA,NA,NA
RPP2B,YDR382W,evolved.1,RPP2B.YDR382W.evolved.1,1B,D2,NA,hap,NA,NA,NA,NA,NA,hapa,NA,NA,NA,NA,NA,1,NA,NA
RPS30B,YOR182C,ancestor,RPS30B.YOR182C.ancestor,2B,A6,NA,hap,NA,hap,NA,NA,NA,NA,NA,1,NA,NA,NA,NA,NA,NA
RPS30B,YOR182C,evolved.1,RPS30B.YOR182C.evolved.1,2B,A6,NA,hap,NA,NA,NA,NA,NA,hapa,NA,NA,NA,NA,NA,1,NA,NA
RPS30B,YOR182C,evolved.2,RPS30B.YOR182C.evolved.2,2C,E4,NA,hap,NA,NA,NA,NA,NA,hap,NA,NA,NA,NA,NA,1,NA,NA
RPS4A,YJR145C,ancestor,RPS4A.YJR145C.ancestor,4B,H9,NA,hap,NA,hap,NA,NA,NA,NA,NA,1,NA,NA,NA,NA,NA,NA
RPS4A,YJR145C,evolved.1,RPS4A.YJR145C.evolved.1,4B,H9,NA,hap,NA,NA,NA,NA,NA,hapa,NA,NA,NA,NA,NA,1,NA,NA
RPS4A,YJR145C,evolved.2,RPS4A.YJR145C.evolved.2,4B,B11,NA,hap,NA,NA,NA,NA,NA,hapa,NA,NA,NA,NA,NA,1,NA,NA
RPS6B,YBR181C,ancestor,RPS6B.YBR181C.ancestor,1A,E1,NA,hap,NA,hap,NA,NA,NA,NA,NA,1,NA,NA,NA,NA,NA,NA
RPS6B,YBR181C,evolved.1,RPS6B.YBR181C.evolved.1,1A,E1,NA,dip,NA,NA,NA,NA,NA,dip,NA,NA,NA,NA,NA,2,NA,NA
RPS6B,YBR181C,evolved.2,RPS6B.YBR181C.evolved.2,1C,F9,NA,hap,NA,NA,NA,NA,NA,hap,NA,NA,NA,NA,NA,1,NA,NA
RPS7A,YOR096W,ancestor,RPS7A.YOR096W.ancestor,4C,C7,NA,hap,NA,hap,NA,NA,NA,NA,NA,1,NA,NA,NA,NA,NA,NA
RPS7A,YOR096W,evolved.1,RPS7A.YOR096W.evolved.1,4C,C7,NA,hap,NA,NA,NA,hap,NA,NA,NA,NA,NA,1,NA,NA,NA,NA
RPS9B,YBR189W,ancestor,RPS9B.YBR189W.ancestor,5A,H2,NA,hap,NA,hap,NA,NA,NA,NA,NA,1,NA,NA,NA,NA,NA,NA
RPS9B,YBR189W,evolved.1,RPS9B.YBR189W.evolved.1,5A,H2,NA,dip,NA,NA,NA,NA,NA,dip,NA,NA,NA,NA,NA,2,NA,NA
RPS9B,YBR189W,evolved.2,RPS9B.YBR189W.evolved.2,5A,A11,NA,dip,NA,NA,NA,NA,NA,dip,NA,NA,NA,NA,NA,2,NA,NA
RSM27,YGR215W,ancestor,RSM27.YGR215W.ancestor,2A,G6,NA,hap,NA,hap,NA,NA,NA,NA,NA,1,NA,NA,NA,NA,NA,NA
RSM27,YGR215W,evolved.1,RSM27.YGR215W.evolved.1,2A,G6,NA,hap,NA,NA,NA,hap,NA,NA,NA,NA,NA,1,NA,NA,NA,NA
RSM27,YGR215W,evolved.2,RSM27.YGR215W.evolved.2,2C,C6,NA,hap,NA,NA,NA,hap,NA,NA,NA,NA,NA,1,NA,NA,NA,NA
RTT101,YJL047C,ancestor,RTT101.YJL047C.ancestor,4A,H11,NA,hap,NA,hap,NA,NA,NA,NA,NA,1,NA,NA,NA,NA,NA,NA
RTT101,YJL047C,evolved.1,RTT101.YJL047C.evolved.1,4A,H11,NA,hap,NA,NA,NA,NA,NA,hap,NA,NA,NA,NA,NA,1,NA,NA
RTT101,YJL047C,evolved.2,RTT101.YJL047C.evolved.2,4C,D10,NA,hap,NA,NA,NA,NA,NA,hap,NA,NA,NA,NA,NA,1,NA,NA
RTT109,YLL002W,ancestor,RTT109.YLL002W.ancestor,1A,A4,NA,hap,NA,hap,NA,NA,NA,NA,NA,1,NA,NA,NA,NA,NA,NA
RTT109,YLL002W,evolved.1,RTT109.YLL002W.evolved.1,1A,A4,NA,hap,NA,NA,NA,hap,NA,NA,NA,NA,NA,1,NA,NA,NA,NA
SAC1,YKL212W,ancestor,SAC1.YKL212W.ancestor,3B,H6,NA,hap,NA,hap,NA,NA,NA,NA,NA,1,NA,NA,NA,NA,NA,NA
SAC1,YKL212W,evolved.1,SAC1.YKL212W.evolved.1,3B,H6,NA,hap,NA,NA,NA,NA,NA,hap,NA,NA,NA,NA,NA,1,NA,NA
SAC1,YKL212W,evolved.2,SAC1.YKL212W.evolved.2,3B,B8,NA,hap,NA,NA,NA,hapa,NA,NA,NA,NA,NA,1,NA,NA,NA,NA
SFP1,YLR403W,ancestor,SFP1.YLR403W.ancestor,5C,H2,NA,hap,NA,hap,NA,NA,NA,NA,NA,1,NA,NA,NA,NA,NA,NA
SFP1,YLR403W,evolved.1,SFP1.YLR403W.evolved.1,5C,H2,NA,hap,NA,NA,NA,NA,NA,hap,NA,NA,NA,NA,NA,1,NA,NA
SIC1,YLR079W,ancestor,SIC1.YLR079W.ancestor,1C,C11,NA,hap,NA,hap,NA,NA,NA,NA,NA,1,NA,NA,NA,NA,NA,NA
SIC1,YLR079W,evolved.1,SIC1.YLR079W.evolved.1,1C,C11,NA,hap,NA,NA,NA,NA,NA,hap,NA,NA,NA,NA,NA,1,NA,NA
SIC1,YLR079W,evolved.2,SIC1.YLR079W.evolved.2,1A,A9,NA,hap,NA,NA,NA,hap,NA,NA,NA,NA,NA,1,NA,NA,NA,NA
SIN3,YOL004W,ancestor,SIN3.YOL004W.ancestor,1C,E8,NA,hap,NA,hap,NA,NA,NA,NA,NA,1,NA,NA,NA,NA,NA,NA
SIN3,YOL004W,evolved.1,SIN3.YOL004W.evolved.1,1C,E8,NA,dip,NA,NA,NA,NA,NA,dipa,NA,NA,NA,NA,NA,2,NA,NA
SIN3,YOL004W,evolved.2,SIN3.YOL004W.evolved.2,1B,G8,NA,dip,NA,NA,NA,NA,NA,dipa,NA,NA,NA,NA,NA,2,NA,NA
SIT4,YDL047W,ancestor,SIT4.YDL047W.ancestor,6A,F7,NA,hap,NA,hap,NA,NA,NA,NA,NA,1,NA,NA,NA,NA,NA,NA
SIT4,YDL047W,evolved.1,SIT4.YDL047W.evolved.1,6A,F7,NA,hap,NA,NA,NA,NA,NA,hap,NA,NA,NA,NA,NA,1,NA,NA
SIT4,YDL047W,evolved.2,SIT4.YDL047W.evolved.2,6B,D7,NA,hap,NA,NA,NA,hapa,NA,NA,NA,NA,NA,1,NA,NA,NA,NA
SLM5,YCR024C,ancestor,SLM5.YCR024C.ancestor,4B,C7,NA,hap,NA,hap,NA,NA,NA,NA,NA,1,NA,NA,NA,NA,NA,NA
SLM5,YCR024C,evolved.1,SLM5.YCR024C.evolved.1,4B,C7,NA,dip,NA,NA,NA,NA,NA,dip,NA,NA,NA,NA,NA,2,NA,NA
SLM5,YCR024C,evolved.2,SLM5.YCR024C.evolved.2,4C,A5,NA,hap,NA,NA,NA,hapa,NA,NA,NA,NA,NA,1,NA,NA,NA,NA
SNT309,YPR101W,ancestor,SNT309.YPR101W.ancestor,4C,D4,NA,hap,NA,hap,NA,NA,NA,NA,NA,1,NA,NA,NA,NA,NA,NA
SNT309,YPR101W,evolved.1,SNT309.YPR101W.evolved.1,4C,D4,NA,hap,NA,NA,NA,hap,NA,NA,NA,NA,NA,1,NA,NA,NA,NA
SNT309,YPR101W,evolved.2,SNT309.YPR101W.evolved.2,4B,F4,NA,hap,NA,NA,NA,hap,NA,NA,NA,NA,NA,1,NA,NA,NA,NA
SRB2,YHR041C,ancestor,SRB2.YHR041C.ancestor,4B,G4,NA,hap,NA,hap,NA,NA,NA,hap,NA,1,NA,NA,NA,1,NA,NA
SRB2,YHR041C,evolved.1,SRB2.YHR041C.evolved.1,4B,G4,NA,dip,NA,NA,NA,NA,NA,dip,NA,NA,NA,NA,NA,2,NA,NA
SRB2,YHR041C,evolved.2,SRB2.YHR041C.evolved.2,4B,A6,NA,hap,NA,NA,NA,NA,NA,hap,NA,NA,NA,NA,NA,1,NA,NA
SSE1,YPL106C,ancestor,SSE1.YPL106C.ancestor,1B,H6,NA,hap,NA,hap,NA,NA,NA,NA,NA,1,NA,NA,NA,NA,NA,NA
SSE1,YPL106C,evolved.1,SSE1.YPL106C.evolved.1,1B,H6,NA,hap,NA,NA,NA,hap,NA,NA,NA,NA,NA,1,NA,NA,NA,NA
SSN3,YPL042C,ancestor,SSN3.YPL042C.ancestor,3B,E8,NA,dip,NA,dip,NA,NA,NA,NA,NA,2,NA,NA,NA,NA,NA,NA
SSN3,YPL042C,evolved.1,SSN3.YPL042C.evolved.1,3B,E8,NA,dip,NA,NA,NA,NA,NA,dip,NA,NA,NA,NA,NA,2,NA,NA
SSN8,YNL025C,ancestor,SSN8.YNL025C.ancestor,4C,H9,NA,hap,NA,hap,NA,NA,NA,NA,NA,1,NA,NA,NA,NA,NA,NA
SSN8,YNL025C,evolved.1,SSN8.YNL025C.evolved.1,4C,H9,NA,dip,NA,NA,NA,NA,NA,dip,NA,NA,NA,NA,NA,2,NA,NA
ELO3,YLR372W,ancestor,ELO3.YLR372W.ancestor,2B,B8,NA,hap,NA,hap,NA,NA,NA,NA,NA,1,NA,NA,NA,NA,NA,NA
ELO3,YLR372W,evolved.1,ELO3.YLR372W.evolved.1,2B,B8,NA,hap,NA,NA,NA,hap,NA,NA,NA,NA,NA,1,NA,NA,NA,NA
ELO3,YLR372W,evolved.2,ELO3.YLR372W.evolved.2,2C,F4,NA,hap,NA,NA,NA,hap,NA,NA,NA,NA,NA,1,NA,NA,NA,NA
TCO89,YPL180W,ancestor,TCO89.YPL180W.ancestor,1C,F3,NA,hap,NA,hap,NA,NA,NA,NA,NA,1,NA,NA,NA,NA,NA,NA
TCO89,YPL180W,evolved.1,TCO89.YPL180W.evolved.1,1C,F3,NA,hap,NA,NA,NA,NA,NA,hapa,NA,NA,NA,NA,NA,1,NA,NA
UMP1,YBR173C,ancestor,UMP1.YBR173C.ancestor,6C,H8,NA,hap,NA,hap,NA,NA,NA,NA,NA,1,NA,NA,NA,NA,NA,NA
UMP1,YBR173C,evolved.1,UMP1.YBR173C.evolved.1,6C,H8,NA,dip,NA,NA,NA,NA,NA,dip,NA,NA,NA,NA,NA,2,NA,NA
UMP1,YBR173C,evolved.2,UMP1.YBR173C.evolved.2,6A,F11,NA,dip,NA,NA,NA,NA,NA,dipa,NA,NA,NA,NA,NA,2,NA,NA
URM1,YIL008W,ancestor,URM1.YIL008W.ancestor,3C,A5,NA,hap,NA,hap,NA,NA,NA,NA,NA,1,NA,NA,NA,NA,NA,NA
URM1,YIL008W,evolved.1,URM1.YIL008W.evolved.1,3C,A5,NA,dip,NA,NA,NA,NA,NA,dip,NA,NA,NA,NA,NA,2,NA,NA
VID22,YLR373C,ancestor,VID22.YLR373C.ancestor,2A,D9,NA,hap,NA,hap,NA,NA,NA,NA,NA,1,NA,NA,NA,NA,NA,NA
VID22,YLR373C,evolved.1,VID22.YLR373C.evolved.1,2A,D9,NA,hap,NA,NA,NA,NA,NA,hap,NA,NA,NA,NA,NA,1,NA,NA
VPH2,YKL119C,ancestor,VPH2.YKL119C.ancestor,2A,H9,NA,hap,NA,hap,NA,NA,NA,NA,NA,1,NA,NA,NA,NA,NA,NA
VPH2,YKL119C,evolved.1,VPH2.YKL119C.evolved.1,2A,H9,NA,hap,NA,NA,NA,hap,NA,NA,NA,NA,NA,1,NA,NA,NA,NA
VPS16,YPL045W,ancestor,VPS16.YPL045W.ancestor,5C,H5,NA,hap,NA,hap,NA,NA,NA,NA,NA,1,NA,NA,NA,NA,NA,NA
VPS16,YPL045W,evolved.1,VPS16.YPL045W.evolved.1,5C,H5,NA,hap,NA,NA,NA,NA,NA,hap,NA,NA,NA,NA,NA,1,NA,NA
VPS16,YPL045W,evolved.2,VPS16.YPL045W.evolved.2,5C,B7,NA,hap,NA,NA,NA,NA,NA,hap,NA,NA,NA,NA,NA,1,NA,NA
VPS52,YDR484W,ancestor,VPS52.YDR484W.ancestor,5A,E6,NA,hap,NA,hap,NA,NA,NA,NA,NA,1,NA,NA,NA,NA,NA,NA
VPS52,YDR484W,evolved.1,VPS52.YDR484W.evolved.1,5A,E6,NA,hap,NA,NA,NA,NA,NA,hap,NA,NA,NA,NA,NA,1,NA,NA
VPS52,YDR484W,evolved.2,VPS52.YDR484W.evolved.2,5C,G2,NA,hap,NA,NA,NA,NA,NA,hap,NA,NA,NA,NA,NA,1,NA,NA
VPS53,YJL029C,ancestor,VPS53.YJL029C.ancestor,4C,G12,NA,hap,NA,hap,NA,NA,NA,NA,NA,1,NA,NA,NA,NA,NA,NA
VPS53,YJL029C,evolved.1,VPS53.YJL029C.evolved.1,4C,G12,NA,hap,NA,NA,NA,NA,NA,hap,NA,NA,NA,NA,NA,1,NA,NA
VPS53,YJL029C,evolved.2,VPS53.YJL029C.evolved.2,4C,B3,NA,hap,NA,NA,NA,NA,NA,hap,NA,NA,NA,NA,NA,1,NA,NA
XRS2,YDR369C,ancestor,XRS2.YDR369C.ancestor,1C,A9,NA,hap,NA,hap,NA,NA,NA,NA,NA,1,NA,NA,NA,NA,NA,NA
XRS2,YDR369C,evolved.1,XRS2.YDR369C.evolved.1,1C,A9,NA,hap,NA,NA,NA,hap,NA,NA,NA,NA,NA,1,NA,NA,NA,NA
BUD30,YDL151C,ancestor,BUD30.YDL151C.ancestor,4B,D10,NA,hap,NA,hap,NA,NA,NA,NA,NA,1,NA,NA,NA,NA,NA,NA
BUD30,YDL151C,evolved.1,BUD30.YDL151C.evolved.1,4B,D10,NA,hap,NA,NA,NA,hap,NA,NA,NA,NA,NA,1,NA,NA,NA,NA
BUD30,YDL151C,evolved.2,BUD30.YDL151C.evolved.2,4C,B9,1,hap/dip,NA,NA,NA,hapa/dip,NA,NA,NA,NA,NA,1.5,NA,NA,NA,NA
RRG1,YDR065W,ancestor,RRG1.YDR065W.ancestor,1C,A4,NA,hap,NA,hap,NA,NA,NA,NA,NA,1,NA,NA,NA,NA,NA,NA
RRG1,YDR065W,evolved.1,RRG1.YDR065W.evolved.1,1C,A4,NA,hap,NA,NA,NA,NA,NA,hap,NA,NA,NA,NA,NA,1,NA,NA
RRG1,YDR065W,evolved.2,RRG1.YDR065W.evolved.2,1B,C6,NA,hap,NA,NA,NA,hapa,NA,NA,NA,NA,NA,1,NA,NA,NA,NA
VPS61,YDR136C,ancestor,VPS61.YDR136C.ancestor,1B,C8,NA,hap,NA,hap,NA,NA,NA,NA,NA,1,NA,NA,NA,NA,NA,NA
VPS61,YDR136C,evolved.1,VPS61.YDR136C.evolved.1,1B,C8,NA,hap,NA,NA,NA,NA,NA,hapa,NA,NA,NA,NA,NA,1,NA,NA
BUD26,YDR241W,ancestor,BUD26.YDR241W.ancestor,2C,B9,NA,hap,NA,hap,NA,NA,NA,NA,NA,1,NA,NA,NA,NA,NA,NA
BUD26,YDR241W,evolved.1,BUD26.YDR241W.evolved.1,2C,B9,NA,hap,NA,NA,NA,NA,NA,hapa,NA,NA,NA,NA,NA,1,NA,NA
AIM10,YER087W,ancestor,AIM10.YER087W.ancestor,6C,D7,NA,hap,NA,hap,NA,NA,NA,NA,NA,1,NA,NA,NA,NA,NA,NA
AIM10,YER087W,evolved.1,AIM10.YER087W.evolved.1,6C,D7,NA,hap,NA,NA,NA,hapa,NA,NA,NA,NA,NA,1,NA,NA,NA,NA
AIM10,YER087W,evolved.2,AIM10.YER087W.evolved.2,6B,F7,NA,hap,NA,NA,NA,hapa,NA,NA,NA,NA,NA,1,NA,NA,NA,NA
NCS6,YGL211W,ancestor,NCS6.YGL211W.ancestor,6A,E12,NA,hap,NA,hap,NA,NA,NA,NA,NA,1,NA,NA,NA,NA,NA,NA
NCS6,YGL211W,evolved.1,NCS6.YGL211W.evolved.1,6A,E12,NA,hap,NA,NA,NA,NA,NA,hapa,NA,NA,NA,NA,NA,1,NA,NA
YGR272C,YGR272C,ancestor,YGR272C.YGR272C.ancestor,6B,G10,NA,hap,NA,hap,NA,NA,hapa,NA,NA,1,NA,NA,1,NA,NA,NA
YGR272C,YGR272C,evolved.1,YGR272C.YGR272C.evolved.1,6B,G10,NA,hap,NA,NA,NA,hapa,hapa,NA,NA,NA,NA,1,1,NA,NA,NA
YGR272C,YGR272C,evolved.2,YGR272C.YGR272C.evolved.2,6B,G10,NA,hap,NA,NA,NA,NA,hapa,NA,NA,NA,NA,NA,1,NA,NA,NA
AIM22,YJL046W,ancestor,AIM22.YJL046W.ancestor,4A,H12,NA,hap,NA,hap,NA,NA,NA,NA,NA,1,NA,NA,NA,NA,NA,NA
AIM22,YJL046W,evolved.1,AIM22.YJL046W.evolved.1,4A,H12,NA,dip,NA,NA,NA,NA,NA,dip,NA,NA,NA,NA,NA,2,NA,NA
AIM22,YJL046W,evolved.2,AIM22.YJL046W.evolved.2,4C,D11,NA,hap,NA,NA,NA,NA,NA,hapa,NA,NA,NA,NA,NA,1,NA,NA
COA3,YJL062W-A,ancestor,COA3.YJL062W-A.ancestor,6B,H8,NA,hap,NA,hap,NA,NA,NA,NA,NA,1,NA,NA,NA,NA,NA,NA
COA3,YJL062W-A,evolved.1,COA3.YJL062W-A.evolved.1,6B,H8,NA,dip,NA,NA,NA,NA,NA,dip,NA,NA,NA,NA,NA,2,NA,NA
AIM29,YKR074W,ancestor,AIM29.YKR074W.ancestor,3C,A11,NA,hap,NA,hap,NA,NA,NA,NA,NA,1,NA,NA,NA,NA,NA,NA
AIM29,YKR074W,evolved.1,AIM29.YKR074W.evolved.1,3C,A11,NA,hap,NA,NA,NA,NA,NA,hap,NA,NA,NA,NA,NA,1,NA,NA
VPS65,YLR322W,ancestor,VPS65.YLR322W.ancestor,2A,E8,NA,dip,NA,dip,NA,NA,NA,NA,NA,2,NA,NA,NA,NA,NA,NA
VPS65,YLR322W,evolved.1,VPS65.YLR322W.evolved.1,2A,E8,NA,hap,NA,NA,NA,NA,NA,hap,NA,NA,NA,NA,NA,1,NA,NA
VPS65,YLR322W,evolved.2,VPS65.YLR322W.evolved.2,2C,A6,NA,dip,NA,NA,NA,NA,NA,dip,NA,NA,NA,NA,NA,2,NA,NA
MRPS12,YNR036C,ancestor,MRPS12.YNR036C.ancestor,4C,C1,NA,hap,NA,hap,NA,NA,NA,NA,NA,1,NA,NA,NA,NA,NA,NA
MRPS12,YNR036C,evolved.1,MRPS12.YNR036C.evolved.1,4C,C1,NA,tet,NA,NA,NA,NA,NA,tet,NA,NA,NA,NA,NA,4,NA,NA
MRPS12,YNR036C,evolved.2,MRPS12.YNR036C.evolved.2,4A,G2,NA,dip,NA,NA,NA,NA,NA,dip,NA,NA,NA,NA,NA,2,NA,NA
YTA12,YMR089C,ancestor,YTA12.YMR089C.ancestor,3C,B3,NA,hap,NA,hap,NA,NA,NA,NA,NA,1,NA,NA,NA,NA,NA,NA
YTA12,YMR089C,evolved.1,YTA12.YMR089C.evolved.1,3C,B3,NA,dip,NA,NA,NA,dip,NA,NA,NA,NA,NA,2,NA,NA,NA,NA
YTA12,YMR089C,evolved.2,YTA12.YMR089C.evolved.2,3A,F4,NA,dip,NA,NA,NA,dip,NA,NA,NA,NA,NA,2,NA,NA,NA,NA
BEM1,YBR200W,ancestor,BEM1.YBR200W.ancestor,NA,NA,NA,hap,NA,hap,NA,NA,NA,NA,hapa,1,NA,NA,NA,NA,1,1
BEM1,YBR200W,evolved.1,BEM1.YBR200W.evolved.1,1A,E2,NA,dip,NA,NA,NA,NA,NA,dip,dip,NA,NA,NA,NA,2,2,1
BEM1,YBR200W,evolved.2,BEM1.YBR200W.evolved.2,1B,C2,NA,hap,NA,NA,NA,NA,NA,hap,hap,NA,NA,NA,NA,1,1,1
REI1,YBR267W,ancestor,REI1.YBR267W.ancestor,NA,NA,NA,hap,NA,hap,hap,NA,NA,NA,hap,1,1,NA,NA,NA,1,1
REI1,YBR267W,evolved.1,REI1.YBR267W.evolved.1,1A,E4,NA,hap,manual_curated,NA,hap,dip,NA,NA,hap,NA,1,2,NA,NA,1,1
REI1,YBR267W,evolved.2,REI1.YBR267W.evolved.2,1B,C4,NA,hap,NA,NA,hap,NA,NA,hap,hap,NA,1,NA,NA,1,1,1
BIM1,YER016W,ancestor,BIM1.YER016W.ancestor,NA,NA,NA,hap,NA,hap,NA,NA,NA,NA,hap,1,NA,NA,NA,NA,1,1
BIM1,YER016W,evolved.1,BIM1.YER016W.evolved.1,6A,G1,NA,hap,NA,NA,NA,NA,NA,hap,hap,NA,NA,NA,NA,1,1,1
BIM1,YER016W,evolved.2,BIM1.YER016W.evolved.2,6C,B12,NA,hap,NA,NA,NA,NA,NA,hapa,hap,NA,NA,NA,NA,1,1,1
GET2,YER083C,ancestor,GET2.YER083C.ancestor,NA,NA,NA,hap,NA,hap,NA,NA,NA,hap,hap,1,NA,NA,NA,1,1,1
GET2,YER083C,evolved.1,GET2.YER083C.evolved.1,1A,G2,NA,dip,NA,NA,NA,NA,NA,dip,dip,NA,NA,NA,NA,2,2,1
GET2,YER083C,evolved.2,GET2.YER083C.evolved.2,1C,C2,NA,dip,NA,NA,NA,NA,NA,dip,dip,NA,NA,NA,NA,2,2,1
RPB9,YGL070C,ancestor,RPB9.YGL070C.ancestor,NA,NA,NA,hap,NA,hap,NA,NA,NA,NA,hap,1,NA,NA,NA,NA,1,1
RPB9,YGL070C,evolved.1,RPB9.YGL070C.evolved.1,5B,E2,NA,dip,NA,NA,NA,NA,NA,dip,dip,NA,NA,NA,NA,2,2,1
RPB9,YGL070C,evolved.2,RPB9.YGL070C.evolved.2,5C,H11,NA,hap,NA,NA,NA,NA,NA,hap,hap,NA,NA,NA,NA,1,1,1
MDM34,YGL219C,ancestor,MDM34.YGL219C.ancestor,NA,NA,NA,hap,NA,hap,NA,NA,NA,NA,hap,1,NA,NA,NA,NA,1,1
MDM34,YGL219C,evolved.1,MDM34.YGL219C.evolved.1,5A,H4,NA,hap,NA,NA,NA,NA,NA,hap,hap,NA,NA,NA,NA,1,1,1
MDM34,YGL219C,evolved.2,MDM34.YGL219C.evolved.2,5B,F3,NA,hap,NA,NA,NA,NA,NA,hap,hap,NA,NA,NA,NA,1,1,1
SRB5,YGR104C,ancestor,SRB5.YGR104C.ancestor,NA,NA,1,hap/dip,NA,hap,hapa,NA,NA,NA,dip,1,1,NA,NA,NA,2,1
SRB5,YGR104C,evolved.1,SRB5.YGR104C.evolved.1,2B,A2,NA,dip,NA,NA,dipa,NA,NA,dipa,dip,NA,2,NA,NA,2,2,1
SRB5,YGR104C,evolved.2,SRB5.YGR104C.evolved.2,2A,B12,1,hap/dip,NA,NA,hapa/dip,NA,NA,NA,hap,NA,1.5,NA,NA,NA,1,1
SRB5,YGR104C,evolved.2,SRB5.YGR104C.evolved.2,2A,B12,1,hap/dip,NA,NA,NA,NA,NA,dip,hap,NA,NA,NA,NA,2,1,1
ATP12,YJL180C,ancestor,ATP12.YJL180C.ancestor,NA,NA,NA,hap,NA,hap,hap,NA,NA,NA,hap,1,1,NA,NA,NA,1,1
ATP12,YJL180C,evolved.1,ATP12.YJL180C.evolved.1,2A,C11,1,hap/dip,NA,NA,hap/dip,NA,NA,NA,dipa,NA,1.5,NA,NA,NA,2,1
ATP12,YJL180C,evolved.1,ATP12.YJL180C.evolved.1,2A,C11,1,hap/dip,NA,NA,NA,hap,NA,NA,dipa,NA,NA,1,NA,NA,2,1
ATP12,YJL180C,evolved.2,ATP12.YJL180C.evolved.2,2B,G11,1,hap/dip,NA,NA,hap/dip,NA,NA,NA,dipa,NA,1.5,NA,NA,NA,2,1
ATP12,YJL180C,evolved.2,ATP12.YJL180C.evolved.2,2B,G11,1,hap/dip,NA,NA,NA,hap,NA,NA,dipa,NA,NA,1,NA,NA,2,1
BUD20,YLR074C,ancestor,BUD20.YLR074C.ancestor,NA,NA,NA,hap,NA,hap,NA,NA,NA,NA,hap,1,NA,NA,NA,NA,1,1
BUD20,YLR074C,evolved.1,BUD20.YLR074C.evolved.1,1A,A8,NA,hap,NA,NA,NA,hap,NA,NA,hap,NA,NA,1,NA,NA,1,1
BUD20,YLR074C,evolved.2,BUD20.YLR074C.evolved.2,1A,G10,NA,hap,NA,NA,NA,hap,NA,NA,hap,NA,NA,1,NA,NA,1,1
RSC2,YLR357W,ancestor,RSC2.YLR357W.ancestor,NA,NA,1,hap/dip,NA,hap,hap,NA,NA,NA,dipa,1,1,NA,NA,NA,2,1
RSC2,YLR357W,evolved.1,RSC2.YLR357W.evolved.1,2A,D6,NA,dip,NA,NA,dip,NA,NA,dip,dip,NA,2,NA,NA,2,2,1
RSC2,YLR357W,evolved.2,RSC2.YLR357W.evolved.2,2C,F2,1,hap/dip,NA,NA,dip,NA,NA,dipa,hap,NA,2,NA,NA,2,1,1
RPL6B,YLR448W,ancestor,RPL6B.YLR448W.ancestor,NA,NA,NA,hap,NA,hap,NA,NA,NA,NA,hap,1,NA,NA,NA,NA,1,1
RPL6B,YLR448W,evolved.1,RPL6B.YLR448W.evolved.1,4B,B4,NA,dip,NA,NA,NA,NA,NA,dipa,dipa,NA,NA,NA,NA,2,2,1
RPL6B,YLR448W,evolved.2,RPL6B.YLR448W.evolved.2,4B,H2,NA,dip,NA,NA,NA,NA,NA,dipa,dip,NA,NA,NA,NA,2,2,1
POP2,YNR052C,ancestor,POP2.YNR052C.ancestor,NA,NA,NA,hap,NA,hap,NA,NA,NA,hapa,hap,1,NA,NA,NA,1,1,1
POP2,YNR052C,evolved.1,POP2.YNR052C.evolved.1,6A,E10,NA,hap,NA,NA,NA,hap,NA,NA,hapa ,NA,NA,1,NA,NA,NA,1
POP2,YNR052C,evolved.2,POP2.YNR052C.evolved.2,6C,A8,NA,dip,NA,NA,NA,NA,NA,dip,NA,NA,NA,NA,NA,2,NA,NA
IFM1,YOL023W,ancestor,IFM1.YOL023W.ancestor,NA,NA,1,hap/dip,NA,hap,hap,NA,NA,NA,dip,1,1,NA,NA,NA,2,1
IFM1,YOL023W,evolved.1,IFM1.YOL023W.evolved.1,1A,C10,NA,dip,NA,NA,dip,NA,NA,dip,dip,NA,2,NA,NA,2,2,1
IFM1,YOL023W,evolved.2,IFM1.YOL023W.evolved.2,1B,B1,NA,dip,NA,NA,dip,NA,NA,dip,dip,NA,2,NA,NA,2,2,1
BUB3,YOR026W,ancestor,BUB3.YOR026W.ancestor,NA,NA,NA,hap,NA,hap,NA,NA,NA,NA,hap,1,NA,NA,NA,NA,1,1
BUB3,YOR026W,evolved.1,BUB3.YOR026W.evolved.1,6A,E11,NA,hap,NA,NA,NA,NA,NA,hap,hap,NA,NA,NA,NA,1,1,1
BUB3,YOR026W,evolved.2,BUB3.YOR026W.evolved.2,6B,C11,NA,hap,NA,NA,NA,NA,NA,hap,hap,NA,NA,NA,NA,1,1,1
RPL43A,YPR043W,ancestor,RPL43A.YPR043W.ancestor,NA,NA,NA,hap,NA,hap,NA,NA,NA,hapa,NA,1,NA,NA,NA,1,NA,NA
RPL43A,YPR043W,evolved.1,RPL43A.YPR043W.evolved.1,5B,G12,NA,dip,NA,NA,NA,NA,NA,dipa,NA,NA,NA,NA,NA,2,NA,NA
RPL43A,YPR043W,evolved.2,RPL43A.YPR043W.evolved.2,5B,G12,NA,dip,NA,NA,NA,NA,NA,dipa,NA,NA,NA,NA,NA,2,NA,NA
HIS3,YOR202W,evolved.6,HIS3.YOR202W.evolved.6,1A,D2,NA,hap,NA,hap,NA,NA,NA,hap,NA,1,NA,NA,NA,1,NA,NA
HIS3,YOR202W,evolved.8,HIS3.YOR202W.evolved.8,1A,D3,NA,hap,NA,NA,NA,NA,NA,hap,NA,NA,NA,NA,NA,1,NA,NA
HIS3,YOR202W,evolved.3,HIS3.YOR202W.evolved.3,1A,D4,NA,hap,NA,NA,NA,NA,NA,hap,NA,NA,NA,NA,NA,1,NA,NA
HIS3,YOR202W,evolved.4,HIS3.YOR202W.evolved.4,1A,D5,NA,hap,NA,NA,NA,NA,NA,hap,NA,NA,NA,NA,NA,1,NA,NA
HIS3,YOR202W,evolved.5,HIS3.YOR202W.evolved.5,2A,D2,NA,hap,NA,NA,NA,NA,NA,hap,NA,NA,NA,NA,NA,1,NA,NA
HIS3,YOR202W,evolved.7,HIS3.YOR202W.evolved.7,2A,D4,NA,hap,NA,NA,NA,NA,NA,hap,NA,NA,NA,NA,NA,1,NA,NA
HIS3,YOR202W,evolved.9,HIS3.YOR202W.evolved.9,3A,D2,NA,hap,NA,hap,NA,NA,NA,hap,NA,1,NA,NA,NA,1,NA,NA
HIS3,YOR202W,evolved.10,HIS3.YOR202W.evolved.10,3A,D3,NA,hap,NA,NA,NA,NA,NA,hapa,NA,NA,NA,NA,NA,1,NA,NA
HIS3,YOR202W,evolved.11,HIS3.YOR202W.evolved.11,3A,D4,NA,hap,NA,NA,NA,NA,NA,hap,NA,NA,NA,NA,NA,1,NA,NA
HIS3,YOR202W,evolved.12,HIS3.YOR202W.evolved.12,3A,D5,NA,hap,NA,NA,NA,NA,hap,hap,NA,NA,NA,NA,1,1,NA,NA
HIS3,YOR202W,evolved.13,HIS3.YOR202W.evolved.13,4A,D2,NA,hap,NA,NA,NA,NA,hap,hap,NA,NA,NA,NA,1,1,NA,NA
HIS3,YOR202W,evolved.14,HIS3.YOR202W.evolved.14,4A,D3,NA,hap,NA,NA,NA,NA,hap,NA,NA,NA,NA,NA,1,NA,NA,NA
HIS3,YOR202W,evolved.15,HIS3.YOR202W.evolved.15,4A,D4,NA,hap,NA,NA,NA,NA,hap,NA,NA,NA,NA,NA,1,NA,NA,NA
HIS3,YOR202W,evolved.16,HIS3.YOR202W.evolved.16,4A,D5,NA,hap,NA,NA,NA,NA,hap,NA,NA,NA,NA,NA,1,NA,NA,NA
HIS3,YOR202W,evolved.17,HIS3.YOR202W.evolved.17,5A,D3,NA,hap,NA,hap,NA,NA,hap,NA,NA,1,NA,NA,1,NA,NA,NA
HIS3,YOR202W,evolved.18,HIS3.YOR202W.evolved.18,5A,D4,NA,hap,NA,NA,NA,NA,hap,NA,NA,NA,NA,NA,1,NA,NA,NA
HIS3,YOR202W,evolved.19,HIS3.YOR202W.evolved.19,6A,D2,NA,hap,NA,NA,NA,NA,hap,NA,NA,NA,NA,NA,1,NA,NA,NA
HIS3,YOR202W,evolved.20,HIS3.YOR202W.evolved.20,6A,D3,NA,hap,NA,hap,NA,NA,hap,NA,NA,1,NA,NA,1,NA,NA,NA
HIS3,YOR202W,evolved.21,HIS3.YOR202W.evolved.21,6A,D4,NA,hap,NA,NA,NA,NA,hap,NA,NA,NA,NA,NA,1,NA,NA,NA
HIS3,YOR202W,evolved.22,HIS3.YOR202W.evolved.22,6A,D5,NA,hap,NA,NA,NA,NA,hap,NA,NA,NA,NA,NA,1,NA,NA,NA
